address,sns,balance,rank
5tzFkiKscXHK5ZXCGbXZxdw7gTjjD1mBwuoFbhUvuAi9,kiing.sol,2303886.1755923,1
STEPNq2UGeGSzCyGVr2nMQAzf8xuejwqebd84wcksCK,stepn.sol,256322.259606035,2
8VWWhUBkn4DoqdqctW3Xtk3tmeV1JwvRs1u87MsJJAy1,baalazamon.sol,88998.108758187,3
8VWWhUBkn4DoqdqctW3Xtk3tmeV1JwvRs1u87MsJJAy1,bartosz.sol,88998.108758187,3
dMVmNkdaqAzBDYyfBXfkqBYj8TK56mXguYbJGumdaA8,metacollective.sol,23441.685581562,4
mXvDVPtmfExH2RSb7b1FgvyYaWpZy7mrWXhHxkAxKJM,irreverentlabs.sol,15754.861288026,5
mXvDVPtmfExH2RSb7b1FgvyYaWpZy7mrWXhHxkAxKJM,mechafightclub.sol,15754.861288026,5
2bKQyy5w5rF1YG2GbM52M6nojauY2ETW6byc6xaLkmgP,seafox.sol,15379.941325171,6
6YLbRZyA2sWFs9SqEg3cgXwUWQMSo7e5PZz9A9RhbeZD,janix.sol,14363.48255572,7
6YLbRZyA2sWFs9SqEg3cgXwUWQMSo7e5PZz9A9RhbeZD,jenix.sol,14363.48255572,7
BSLoqEJXKKmE4yCCNp58sYAq5n6u29hgaAX5gCvF3ikw,ravenbsl.sol,10800.809398877,8
BSLoqEJXKKmE4yCCNp58sYAq5n6u29hgaAX5gCvF3ikw,blocksmythlabs.sol,10800.809398877,8
8arkRmgHYTmk2e5fsrmNksBNZRTWKLL7H9ZWR5BS89yD,7xltd.sol,8533.939438474,9
7VYaGQN73YftBrjDeeLa3k4nnpMxHaq9qxRGXHpwp1b4,blaxswan.sol,8286.444502103,10
7ZGTqtj7oJm5EpLxB2ivy5wmV9Bjw8nbjHWWqSgfqqQV,andrewhyde.sol,6936.98190856,11
8r7ijtRdYhFmhMnJg499Yi92WHzpgJNN2tGik8g2Yfon,twoblackeyes.sol,6092.88903428,12
8r7ijtRdYhFmhMnJg499Yi92WHzpgJNN2tGik8g2Yfon,worshipping.sol,6092.88903428,12
8r7ijtRdYhFmhMnJg499Yi92WHzpgJNN2tGik8g2Yfon,protectchildren.sol,6092.88903428,12
8r7ijtRdYhFmhMnJg499Yi92WHzpgJNN2tGik8g2Yfon,heart2.sol,6092.88903428,12
8r7ijtRdYhFmhMnJg499Yi92WHzpgJNN2tGik8g2Yfon,entire.sol,6092.88903428,12
8r7ijtRdYhFmhMnJg499Yi92WHzpgJNN2tGik8g2Yfon,greenape.sol,6092.88903428,12
8r7ijtRdYhFmhMnJg499Yi92WHzpgJNN2tGik8g2Yfon,shitface.sol,6092.88903428,12
8r7ijtRdYhFmhMnJg499Yi92WHzpgJNN2tGik8g2Yfon,crooked.sol,6092.88903428,12
8r7ijtRdYhFmhMnJg499Yi92WHzpgJNN2tGik8g2Yfon,fuckall.sol,6092.88903428,12
8r7ijtRdYhFmhMnJg499Yi92WHzpgJNN2tGik8g2Yfon,twoleftfeet.sol,6092.88903428,12
8r7ijtRdYhFmhMnJg499Yi92WHzpgJNN2tGik8g2Yfon,readyour.sol,6092.88903428,12
8r7ijtRdYhFmhMnJg499Yi92WHzpgJNN2tGik8g2Yfon,republican-crypto.sol,6092.88903428,12
8r7ijtRdYhFmhMnJg499Yi92WHzpgJNN2tGik8g2Yfon,democratic-crypto.sol,6092.88903428,12
8r7ijtRdYhFmhMnJg499Yi92WHzpgJNN2tGik8g2Yfon,thesearching.sol,6092.88903428,12
8r7ijtRdYhFmhMnJg499Yi92WHzpgJNN2tGik8g2Yfon,trump-crypto-in.sol,6092.88903428,12
8r7ijtRdYhFmhMnJg499Yi92WHzpgJNN2tGik8g2Yfon,reigning.sol,6092.88903428,12
8r7ijtRdYhFmhMnJg499Yi92WHzpgJNN2tGik8g2Yfon,iamapoor.sol,6092.88903428,12
8r7ijtRdYhFmhMnJg499Yi92WHzpgJNN2tGik8g2Yfon,protectyour.sol,6092.88903428,12
8r7ijtRdYhFmhMnJg499Yi92WHzpgJNN2tGik8g2Yfon,yourmama.sol,6092.88903428,12
8r7ijtRdYhFmhMnJg499Yi92WHzpgJNN2tGik8g2Yfon,toothemoon.sol,6092.88903428,12
8r7ijtRdYhFmhMnJg499Yi92WHzpgJNN2tGik8g2Yfon,staringat.sol,6092.88903428,12
8r7ijtRdYhFmhMnJg499Yi92WHzpgJNN2tGik8g2Yfon,feedthehungry.sol,6092.88903428,12
8r7ijtRdYhFmhMnJg499Yi92WHzpgJNN2tGik8g2Yfon,selfaware.sol,6092.88903428,12
8r7ijtRdYhFmhMnJg499Yi92WHzpgJNN2tGik8g2Yfon,needyour.sol,6092.88903428,12
8r7ijtRdYhFmhMnJg499Yi92WHzpgJNN2tGik8g2Yfon,trumphasno.sol,6092.88903428,12
8r7ijtRdYhFmhMnJg499Yi92WHzpgJNN2tGik8g2Yfon,therare.sol,6092.88903428,12
8r7ijtRdYhFmhMnJg499Yi92WHzpgJNN2tGik8g2Yfon,lovethe.sol,6092.88903428,12
8r7ijtRdYhFmhMnJg499Yi92WHzpgJNN2tGik8g2Yfon,egoversus.sol,6092.88903428,12
8r7ijtRdYhFmhMnJg499Yi92WHzpgJNN2tGik8g2Yfon,zombiefood.sol,6092.88903428,12
8r7ijtRdYhFmhMnJg499Yi92WHzpgJNN2tGik8g2Yfon,protectyourcrypto.sol,6092.88903428,12
8r7ijtRdYhFmhMnJg499Yi92WHzpgJNN2tGik8g2Yfon,stained.sol,6092.88903428,12
8r7ijtRdYhFmhMnJg499Yi92WHzpgJNN2tGik8g2Yfon,irate.sol,6092.88903428,12
8r7ijtRdYhFmhMnJg499Yi92WHzpgJNN2tGik8g2Yfon,protectwomen.sol,6092.88903428,12
8r7ijtRdYhFmhMnJg499Yi92WHzpgJNN2tGik8g2Yfon,hearyour.sol,6092.88903428,12
8r7ijtRdYhFmhMnJg499Yi92WHzpgJNN2tGik8g2Yfon,fatso.sol,6092.88903428,12
8r7ijtRdYhFmhMnJg499Yi92WHzpgJNN2tGik8g2Yfon,protectyourfreedom.sol,6092.88903428,12
8r7ijtRdYhFmhMnJg499Yi92WHzpgJNN2tGik8g2Yfon,ralph-crypto-in.sol,6092.88903428,12
8r7ijtRdYhFmhMnJg499Yi92WHzpgJNN2tGik8g2Yfon,compromised.sol,6092.88903428,12
8r7ijtRdYhFmhMnJg499Yi92WHzpgJNN2tGik8g2Yfon,ego2.sol,6092.88903428,12
8r7ijtRdYhFmhMnJg499Yi92WHzpgJNN2tGik8g2Yfon,zombie-in-your.sol,6092.88903428,12
8r7ijtRdYhFmhMnJg499Yi92WHzpgJNN2tGik8g2Yfon,u8a.sol,6092.88903428,12
8r7ijtRdYhFmhMnJg499Yi92WHzpgJNN2tGik8g2Yfon,heartto.sol,6092.88903428,12
Db9HLpQPKa92XqRkvVJ8YCbkmA7n9NeWe8rvkWn7qCQd,famousfoxes.sol,5604.248851911,13
9xcdiyHfTx5AgqbRM1QZWserfGzUr5JRcquhP4XXtC2X,biomes.sol,4623.957179829,14
A1FzQ8jaqwYxzSkVpqVysuEK5cMU79sakgaLk6wkGGzm,madeleine-jane.sol,4079.239603612,15
A1FzQ8jaqwYxzSkVpqVysuEK5cMU79sakgaLk6wkGGzm,jordan-daniel.sol,4079.239603612,15
4ZfZ5o21vFZfpqz42gwXxQ2YP18Xz2NCnVyxS6r1TNSL,degendavinci.sol,4067.258615333,16
C6tYwQ9fE9Q1qTkcySgMN46mrFmDcfM5MUdcSFfZ6iEx,elduder.sol,4046.60891529,17
C6tYwQ9fE9Q1qTkcySgMN46mrFmDcfM5MUdcSFfZ6iEx,d00der.sol,4046.60891529,17
C6tYwQ9fE9Q1qTkcySgMN46mrFmDcfM5MUdcSFfZ6iEx,cleandeadgods.sol,4046.60891529,17
C6tYwQ9fE9Q1qTkcySgMN46mrFmDcfM5MUdcSFfZ6iEx,clean_af.sol,4046.60891529,17
C6tYwQ9fE9Q1qTkcySgMN46mrFmDcfM5MUdcSFfZ6iEx,cleandegods.sol,4046.60891529,17
6VrGJHzYnWwiMmkuqFejbA6A2evimde31AFRnATLMYQa,bigbank.sol,3798.858722091,18
6VrGJHzYnWwiMmkuqFejbA6A2evimde31AFRnATLMYQa,zach.sol,3798.858722091,18
6VrGJHzYnWwiMmkuqFejbA6A2evimde31AFRnATLMYQa,xfer.sol,3798.858722091,18
6VrGJHzYnWwiMmkuqFejbA6A2evimde31AFRnATLMYQa,zack.sol,3798.858722091,18
GxHamnPVxsBaWdbUSjR4C5izhMv2snriGyYtjCkAVzze,cogent_crypto.sol,3768.465311276,19
B987jRxFFnSBULwu6cXRKzUfKDDpyuhCGC58wVxct6Ez,shuang.sol,3236.023671016,20
B987jRxFFnSBULwu6cXRKzUfKDDpyuhCGC58wVxct6Ez,zhangshuang.sol,3236.023671016,20
B987jRxFFnSBULwu6cXRKzUfKDDpyuhCGC58wVxct6Ez,zhang.sol,3236.023671016,20
B987jRxFFnSBULwu6cXRKzUfKDDpyuhCGC58wVxct6Ez,armaniferrante.sol,3236.023671016,20
B987jRxFFnSBULwu6cXRKzUfKDDpyuhCGC58wVxct6Ez,armani.sol,3236.023671016,20
B987jRxFFnSBULwu6cXRKzUfKDDpyuhCGC58wVxct6Ez,‚öì.sol,3236.023671016,20
577YmAHpRn5QhNLDEmadBJJLDQK9NJqneqbukUw3CTy,kvee.sol,2708.022320192,21
2MZCRip17fjjGd5XHRCxnXhLANQnEV1BvNLN8SLZJhC1,devnull.sol,2669.603139544,22
E1P849pXgy7Pkjms8q9XYATajtr6rH7EFf3vQw8wbhMV,samer.sol,2622.157766567,23
GK5k5riTuuSwSAE1HP5PHCsrFDBP8YoGivAwTzWPuRqE,tcbwallet.sol,2588.435678759,24
BwgpxJAFX9wtZSWxp3JUd65aky6a6N8F5xMqBfA39ohL,moneyboy0x.sol,2497.549163642,25
6KYqLgKobJzu6S1rt8j4uFEX9vi82rND8AtjHcaTwsib,stackedinvest.sol,2307.192276255,26
6KYqLgKobJzu6S1rt8j4uFEX9vi82rND8AtjHcaTwsib,cmfi.sol,2307.192276255,26
6KYqLgKobJzu6S1rt8j4uFEX9vi82rND8AtjHcaTwsib,compendiumfinance.sol,2307.192276255,26
6KYqLgKobJzu6S1rt8j4uFEX9vi82rND8AtjHcaTwsib,compendiumfi.sol,2307.192276255,26
6KYqLgKobJzu6S1rt8j4uFEX9vi82rND8AtjHcaTwsib,compendium.sol,2307.192276255,26
GqagXhTUMoxrWbu7pAAMZiYHBoSoJN3h5AUzQuvuMN3b,ttentertainment.sol,2304.630658969,27
DJZj7FYHJdaYXYwV7RCVvSVVvVHHUm2y79S3czftWSN9,kygomusic.sol,2284.268629454,28
DJZj7FYHJdaYXYwV7RCVvSVVvVHHUm2y79S3czftWSN9,blockchainbrett.sol,2284.268629454,28
DJZj7FYHJdaYXYwV7RCVvSVVvVHHUm2y79S3czftWSN9,palmtreecrew.sol,2284.268629454,28
DJZj7FYHJdaYXYwV7RCVvSVVvVHHUm2y79S3czftWSN9,managermyles.sol,2284.268629454,28
DJZj7FYHJdaYXYwV7RCVvSVVvVHHUm2y79S3czftWSN9,sunscreen.sol,2284.268629454,28
HFPaT6WKk9SkwtYVZ5m5Sqw7ZbyehGu9GHjsctigm49S,hfp.sol,2266.140690867,29
ALjnKTUGGg439bcasQQMpTA7s1WsU43Y52ospUs9TFrF,8305.sol,2253.84422795,30
ALjnKTUGGg439bcasQQMpTA7s1WsU43Y52ospUs9TFrF,3054.sol,2253.84422795,30
ALjnKTUGGg439bcasQQMpTA7s1WsU43Y52ospUs9TFrF,3057.sol,2253.84422795,30
EjSUh8D9zAB9zXCLR4wtrxkWpzHFhJULsSLoi8pAE9kJ,rightclickjpeg.sol,2188.906177446,31
EjSUh8D9zAB9zXCLR4wtrxkWpzHFhJULsSLoi8pAE9kJ,ü´Ç.sol,2188.906177446,31
EjSUh8D9zAB9zXCLR4wtrxkWpzHFhJULsSLoi8pAE9kJ,rightclicknft.sol,2188.906177446,31
EjSUh8D9zAB9zXCLR4wtrxkWpzHFhJULsSLoi8pAE9kJ,snyder.sol,2188.906177446,31
AhSN1ekbWCNZT5H25Lao9LK36xRmMCK4PzDFQGete8gV,twofucks.sol,2000.705512806,32
AhSN1ekbWCNZT5H25Lao9LK36xRmMCK4PzDFQGete8gV,paybevan.sol,2000.705512806,32
AhSN1ekbWCNZT5H25Lao9LK36xRmMCK4PzDFQGete8gV,bevo67.sol,2000.705512806,32
AhSN1ekbWCNZT5H25Lao9LK36xRmMCK4PzDFQGete8gV,ozdive.sol,2000.705512806,32
AhSN1ekbWCNZT5H25Lao9LK36xRmMCK4PzDFQGete8gV,beames.sol,2000.705512806,32
AhSN1ekbWCNZT5H25Lao9LK36xRmMCK4PzDFQGete8gV,cunto.sol,2000.705512806,32
AhSN1ekbWCNZT5H25Lao9LK36xRmMCK4PzDFQGete8gV,2fucks.sol,2000.705512806,32
AhSN1ekbWCNZT5H25Lao9LK36xRmMCK4PzDFQGete8gV,paybevo.sol,2000.705512806,32
EzdJFxm3DqQ5xgLyGvZXfqGVBawjXFPXkq9jQnnPtuaK,madalena.sol,2000.453521226,33
EzdJFxm3DqQ5xgLyGvZXfqGVBawjXFPXkq9jQnnPtuaK,leonor.sol,2000.453521226,33
EzdJFxm3DqQ5xgLyGvZXfqGVBawjXFPXkq9jQnnPtuaK,rinoplastia.sol,2000.453521226,33
Ad9xDktPAKE14SbpMK1zdhZCQQLnX74HXH7NxrdBy37L,dfc.sol,1969.178302838,34
3VAWJ6QxmsxH2Q5wH14wcG2iLU7eB14XCZiAmmzrRukD,sofian.sol,1926.846984077,35
3VAWJ6QxmsxH2Q5wH14wcG2iLU7eB14XCZiAmmzrRukD,üíéhandü§ö.sol,1926.846984077,35
3VAWJ6QxmsxH2Q5wH14wcG2iLU7eB14XCZiAmmzrRukD,mybigüß†.sol,1926.846984077,35
G2UawPD81DixSJCUnMkKGfWfNkZbr6mWVRt3WF2htAXW,loadedburner.sol,1902.404018814,36
G2UawPD81DixSJCUnMkKGfWfNkZbr6mWVRt3WF2htAXW,bigdickdaddy.sol,1902.404018814,36
G2UawPD81DixSJCUnMkKGfWfNkZbr6mWVRt3WF2htAXW,mobilephone.sol,1902.404018814,36
G2UawPD81DixSJCUnMkKGfWfNkZbr6mWVRt3WF2htAXW,sha-256.sol,1902.404018814,36
4Ma6erh9AriAVP9hsDW1M9U77LjryNj4DAMFLXsMKa8C,echelonfnd.sol,1859.056763989,37
4Ma6erh9AriAVP9hsDW1M9U77LjryNj4DAMFLXsMKa8C,paragon_dao.sol,1859.056763989,37
4Ma6erh9AriAVP9hsDW1M9U77LjryNj4DAMFLXsMKa8C,dmurray.sol,1859.056763989,37
4Ma6erh9AriAVP9hsDW1M9U77LjryNj4DAMFLXsMKa8C,paragondao.sol,1859.056763989,37
4Ma6erh9AriAVP9hsDW1M9U77LjryNj4DAMFLXsMKa8C,dc_murray.sol,1859.056763989,37
4Ma6erh9AriAVP9hsDW1M9U77LjryNj4DAMFLXsMKa8C,paragons_dao.sol,1859.056763989,37
4Ma6erh9AriAVP9hsDW1M9U77LjryNj4DAMFLXsMKa8C,parallel_alpha.sol,1859.056763989,37
4Ma6erh9AriAVP9hsDW1M9U77LjryNj4DAMFLXsMKa8C,echelon_foundation.sol,1859.056763989,37
4Ma6erh9AriAVP9hsDW1M9U77LjryNj4DAMFLXsMKa8C,parallel_life.sol,1859.056763989,37
4Ma6erh9AriAVP9hsDW1M9U77LjryNj4DAMFLXsMKa8C,paragonsdao.sol,1859.056763989,37
3sQaeVPXWay5GUWkubZq8FTLMmWn63yFA84sYDVJMuJu,maginatian.sol,1831.059777295,38
3AUZTkHMYpnBhsB96fgwgmx3wYaQ5satWnMEZe4ducuj,coldnow.sol,1800.606535284,39
CVZrURWr3tHmeW1cPAzwuLfWd7poc2UgqbXeRwJwPfmX,hhajibeik.sol,1765.58557503,40
2gdPh6u3GiWi9QcBh7pVmB7UbhrKQNYMP2R5WZqd6Exz,blockchief.sol,1754.661935479,41
5oQ7fmiwrzmGhWgosNzpAqPH5HrfqSTNkwkFTK9snznY,nzny.sol,1701.256507696,42
AuTFdqo4GsxpDgtag87pDaHE259cE94Z82kdpFozVBhC,izuddinhelmi.sol,1658.788759001,43
H91W9J2B3LMJ8DHmRomqS5qx2dqrfCG2ALVLAKgNniCu,coderious.sol,1653.798019175,44
DARKhuqaX4YbsrBFAfc7CgERBcVueQxQfjH63Y2GGpYr,devfather.sol,1643.616160596,45
DARKhuqaX4YbsrBFAfc7CgERBcVueQxQfjH63Y2GGpYr,chadz.sol,1643.616160596,45
DARKhuqaX4YbsrBFAfc7CgERBcVueQxQfjH63Y2GGpYr,pepesports.sol,1643.616160596,45
DARKhuqaX4YbsrBFAfc7CgERBcVueQxQfjH63Y2GGpYr,thedarkrite.sol,1643.616160596,45
DARKhuqaX4YbsrBFAfc7CgERBcVueQxQfjH63Y2GGpYr,ordo.sol,1643.616160596,45
Fii9oCjWSKty9yM8VJdd8D2o2zX5MTHkEop3rVyEFc4J,degencoindozer.sol,1625.00203928,46
GHHkWuoUrAsuf1n8Y2GFozQxxv3LSr2zU9DWwKmAGTG9,noid.sol,1569.002040025,47
GHHkWuoUrAsuf1n8Y2GFozQxxv3LSr2zU9DWwKmAGTG9,cmd.sol,1569.002040025,47
AB7ZSX6tqPk5a5avZPKQ1A3EDoBy8wS2dfzhyEewPivH,325.sol,1545.394916533,48
AB7ZSX6tqPk5a5avZPKQ1A3EDoBy8wS2dfzhyEewPivH,godling.sol,1545.394916533,48
CinHb6Xt2PnqKUkmhRo9hwUkixCcsH1uviuQqaTxwT9i,gintonik.sol,1502.058728626,49
CinHb6Xt2PnqKUkmhRo9hwUkixCcsH1uviuQqaTxwT9i,greece.sol,1502.058728626,49
AFhEw2qqYQAsABiWkiFAaXLZWeQGmDRLhDTXUw7QiWu5,sonomawine.sol,1500.005881698,50
AFhEw2qqYQAsABiWkiFAaXLZWeQGmDRLhDTXUw7QiWu5,napawines.sol,1500.005881698,50
AFhEw2qqYQAsABiWkiFAaXLZWeQGmDRLhDTXUw7QiWu5,sonomawines.sol,1500.005881698,50
AFhEw2qqYQAsABiWkiFAaXLZWeQGmDRLhDTXUw7QiWu5,olearywines.sol,1500.005881698,50
AFhEw2qqYQAsABiWkiFAaXLZWeQGmDRLhDTXUw7QiWu5,napawine.sol,1500.005881698,50
EePnRqV4Q2VEHp5nPADqeGKcfPMFmnhDW1Ln9LKsTzWQ,carlosomfg.sol,1427.561668378,51
EePnRqV4Q2VEHp5nPADqeGKcfPMFmnhDW1Ln9LKsTzWQ,rascals.sol,1427.561668378,51
EePnRqV4Q2VEHp5nPADqeGKcfPMFmnhDW1Ln9LKsTzWQ,jellyrascals.sol,1427.561668378,51
EePnRqV4Q2VEHp5nPADqeGKcfPMFmnhDW1Ln9LKsTzWQ,gamerooms.sol,1427.561668378,51
EePnRqV4Q2VEHp5nPADqeGKcfPMFmnhDW1Ln9LKsTzWQ,jellypapa.sol,1427.561668378,51
EePnRqV4Q2VEHp5nPADqeGKcfPMFmnhDW1Ln9LKsTzWQ,jellyrascal.sol,1427.561668378,51
EePnRqV4Q2VEHp5nPADqeGKcfPMFmnhDW1Ln9LKsTzWQ,carlosomfgtv.sol,1427.561668378,51
EePnRqV4Q2VEHp5nPADqeGKcfPMFmnhDW1Ln9LKsTzWQ,kartelkulture.sol,1427.561668378,51
41DfWHaNeWgakTZPbr5SKcpNuA4ykrkcfc4PE1NCVLn4,crazyhorse.sol,1414.481864578,52
H6C1X4PLaJbwZARsy2VwFRGAYoJZAXhr6bZCJwqAFKRp,tooney.sol,1407.57766861,53
SpcphCSgJYpkKQzS92AFTa2CiHTM9jAsG54wY1WUQLF,zigor.sol,1371.123225543,54
DNHXAqbXCEtFG2brtDEKnkhrtk4GRC6k3K8A5dowjCa5,rendesr.sol,1359.628578101,55
A9DsyEuQP5J4fizYuWXKwgGebThNkFm9NEXFzBbeaEdr,flarebuyback.sol,1296.851594991,56
BEwQFjCQSc49Qd2oPLu3VuXYtfohAZxYnG4p5hMgHGPF,stewbradley.sol,1286.16575204,57
BEwQFjCQSc49Qd2oPLu3VuXYtfohAZxYnG4p5hMgHGPF,stew.sol,1286.16575204,57
BEwQFjCQSc49Qd2oPLu3VuXYtfohAZxYnG4p5hMgHGPF,elcap.sol,1286.16575204,57
BEwQFjCQSc49Qd2oPLu3VuXYtfohAZxYnG4p5hMgHGPF,sb1.sol,1286.16575204,57
4kmKqhbJgeocdWRaJP9XgLZtNkc7PD6zummRxHSh9XAn,worldviz.sol,1241.71654759,58
4kmKqhbJgeocdWRaJP9XgLZtNkc7PD6zummRxHSh9XAn,roberthalf.sol,1241.71654759,58
4kmKqhbJgeocdWRaJP9XgLZtNkc7PD6zummRxHSh9XAn,ebgames.sol,1241.71654759,58
4kmKqhbJgeocdWRaJP9XgLZtNkc7PD6zummRxHSh9XAn,virtuix.sol,1241.71654759,58
4kmKqhbJgeocdWRaJP9XgLZtNkc7PD6zummRxHSh9XAn,ramada.sol,1241.71654759,58
4kmKqhbJgeocdWRaJP9XgLZtNkc7PD6zummRxHSh9XAn,groovejones.sol,1241.71654759,58
4kmKqhbJgeocdWRaJP9XgLZtNkc7PD6zummRxHSh9XAn,nordgreen.sol,1241.71654759,58
4kmKqhbJgeocdWRaJP9XgLZtNkc7PD6zummRxHSh9XAn,maybelline.sol,1241.71654759,58
4kmKqhbJgeocdWRaJP9XgLZtNkc7PD6zummRxHSh9XAn,chatime.sol,1241.71654759,58
4kmKqhbJgeocdWRaJP9XgLZtNkc7PD6zummRxHSh9XAn,ripcurl.sol,1241.71654759,58
4kmKqhbJgeocdWRaJP9XgLZtNkc7PD6zummRxHSh9XAn,culturekings.sol,1241.71654759,58
4kmKqhbJgeocdWRaJP9XgLZtNkc7PD6zummRxHSh9XAn,reclaimer.sol,1241.71654759,58
4kmKqhbJgeocdWRaJP9XgLZtNkc7PD6zummRxHSh9XAn,bremont.sol,1241.71654759,58
4kmKqhbJgeocdWRaJP9XgLZtNkc7PD6zummRxHSh9XAn,prenav.sol,1241.71654759,58
2mHQ3G3CvJCuPMFgzqbZALA7Pk8eJQLkc6rp3SXbiED6,raychan.sol,1212.9057116,59
2mHQ3G3CvJCuPMFgzqbZALA7Pk8eJQLkc6rp3SXbiED6,9gagceo.sol,1212.9057116,59
Auz7k8wK6trZLQvW8YgknJNTuKweJMtosNiWVh7ULV3b,nanunauta.sol,1207.126628763,60
D9xtUnKyiZyrvWpygEKb1wUwdyB4cTVg2tzLVoEtdA1o,polariscapital.sol,1171.995346136,61
D9xtUnKyiZyrvWpygEKb1wUwdyB4cTVg2tzLVoEtdA1o,vamanos.sol,1171.995346136,61
D9xtUnKyiZyrvWpygEKb1wUwdyB4cTVg2tzLVoEtdA1o,passedpawn.sol,1171.995346136,61
AJcMUWKAhWdD1QU8fehvVVjVipUcyEexsAant5Z9ovX8,‚úùÔ∏è.sol,1130.147524852,62
AJcMUWKAhWdD1QU8fehvVVjVipUcyEexsAant5Z9ovX8,cryptonary.sol,1130.147524852,62
AJcMUWKAhWdD1QU8fehvVVjVipUcyEexsAant5Z9ovX8,üåù.sol,1130.147524852,62
AJcMUWKAhWdD1QU8fehvVVjVipUcyEexsAant5Z9ovX8,netki.sol,1130.147524852,62
AJcMUWKAhWdD1QU8fehvVVjVipUcyEexsAant5Z9ovX8,antei.sol,1130.147524852,62
AJcMUWKAhWdD1QU8fehvVVjVipUcyEexsAant5Z9ovX8,uxd.sol,1130.147524852,62
AJcMUWKAhWdD1QU8fehvVVjVipUcyEexsAant5Z9ovX8,nwo.sol,1130.147524852,62
Fe8zdMmhXe6EeFWcZU4bmk3MVVUj1V7dsuk521QddASE,universalweebs.sol,1111.397710849,63
6r5HJbdEawqFvG65K4feHJTJWjD4rabZfujmH3pioQu4,richy.sol,1110.247323067,64
B7Y33oNfBfgDzbg3FQhbKvYfzwbwVHdjaLYLvJ8mK2LE,‚≠êÔ∏èÔ∏è.sol,1105.144297148,65
B7Y33oNfBfgDzbg3FQhbKvYfzwbwVHdjaLYLvJ8mK2LE,karachi.sol,1105.144297148,65
B7Y33oNfBfgDzbg3FQhbKvYfzwbwVHdjaLYLvJ8mK2LE,microsoftoffice.sol,1105.144297148,65
B7Y33oNfBfgDzbg3FQhbKvYfzwbwVHdjaLYLvJ8mK2LE,yaseen.sol,1105.144297148,65
B7Y33oNfBfgDzbg3FQhbKvYfzwbwVHdjaLYLvJ8mK2LE,tomriddle.sol,1105.144297148,65
B7Y33oNfBfgDzbg3FQhbKvYfzwbwVHdjaLYLvJ8mK2LE,nasar.sol,1105.144297148,65
B7Y33oNfBfgDzbg3FQhbKvYfzwbwVHdjaLYLvJ8mK2LE,amazonprimeday.sol,1105.144297148,65
CTDRBempTLW8AbFYKtp8WbAQYfL57BJqU29wimbrpmAc,beedodog.sol,1098.878433417,66
DGJdQk6QK2YEuGd91yXh685b9zRNEnnDWN8zVe2PRePF,dns-registry.sol,1095.449289444,67
DGJdQk6QK2YEuGd91yXh685b9zRNEnnDWN8zVe2PRePF,abrasax.sol,1095.449289444,67
DGJdQk6QK2YEuGd91yXh685b9zRNEnnDWN8zVe2PRePF,hostname.sol,1095.449289444,67
DGJdQk6QK2YEuGd91yXh685b9zRNEnnDWN8zVe2PRePF,wavelength.sol,1095.449289444,67
DGJdQk6QK2YEuGd91yXh685b9zRNEnnDWN8zVe2PRePF,marid.sol,1095.449289444,67
DGJdQk6QK2YEuGd91yXh685b9zRNEnnDWN8zVe2PRePF,wattage.sol,1095.449289444,67
DGJdQk6QK2YEuGd91yXh685b9zRNEnnDWN8zVe2PRePF,magnitude.sol,1095.449289444,67
DGJdQk6QK2YEuGd91yXh685b9zRNEnnDWN8zVe2PRePF,soudan.sol,1095.449289444,67
DGJdQk6QK2YEuGd91yXh685b9zRNEnnDWN8zVe2PRePF,nomicon.sol,1095.449289444,67
DGJdQk6QK2YEuGd91yXh685b9zRNEnnDWN8zVe2PRePF,synthwave.sol,1095.449289444,67
DGJdQk6QK2YEuGd91yXh685b9zRNEnnDWN8zVe2PRePF,yocto.sol,1095.449289444,67
DGJdQk6QK2YEuGd91yXh685b9zRNEnnDWN8zVe2PRePF,url-registry.sol,1095.449289444,67
DGJdQk6QK2YEuGd91yXh685b9zRNEnnDWN8zVe2PRePF,fluctuant.sol,1095.449289444,67
DGJdQk6QK2YEuGd91yXh685b9zRNEnnDWN8zVe2PRePF,manabank.sol,1095.449289444,67
DGJdQk6QK2YEuGd91yXh685b9zRNEnnDWN8zVe2PRePF,radiostation.sol,1095.449289444,67
DGJdQk6QK2YEuGd91yXh685b9zRNEnnDWN8zVe2PRePF,buzzword.sol,1095.449289444,67
GkivBzpXEkWxSVvKEQck85WeoC2dYt2VnJ5zPgD7GSCj,crisp.sol,1092.6115886,68
DD9eeertZsaHXzxiBwaBV9BSgMhPHb2yuvBH5ivuxAFV,marcusmarcus.sol,1089.103961681,69
GAZFpwbS6Pp3LGdnfPimEh1ap9HELYiwxbKP6gvB58in,resilience.sol,1088.201935695,70
GAZFpwbS6Pp3LGdnfPimEh1ap9HELYiwxbKP6gvB58in,oceanvc.sol,1088.201935695,70
GAZFpwbS6Pp3LGdnfPimEh1ap9HELYiwxbKP6gvB58in,redao.sol,1088.201935695,70
GAZFpwbS6Pp3LGdnfPimEh1ap9HELYiwxbKP6gvB58in,regena.sol,1088.201935695,70
GAZFpwbS6Pp3LGdnfPimEh1ap9HELYiwxbKP6gvB58in,esalen.sol,1088.201935695,70
GAZFpwbS6Pp3LGdnfPimEh1ap9HELYiwxbKP6gvB58in,regendao.sol,1088.201935695,70
GAZFpwbS6Pp3LGdnfPimEh1ap9HELYiwxbKP6gvB58in,alphablue.sol,1088.201935695,70
GAZFpwbS6Pp3LGdnfPimEh1ap9HELYiwxbKP6gvB58in,planetare.sol,1088.201935695,70
GAZFpwbS6Pp3LGdnfPimEh1ap9HELYiwxbKP6gvB58in,oceana.sol,1088.201935695,70
GAZFpwbS6Pp3LGdnfPimEh1ap9HELYiwxbKP6gvB58in,regenft.sol,1088.201935695,70
GAZFpwbS6Pp3LGdnfPimEh1ap9HELYiwxbKP6gvB58in,oceandao.sol,1088.201935695,70
GAZFpwbS6Pp3LGdnfPimEh1ap9HELYiwxbKP6gvB58in,oceanimpact.sol,1088.201935695,70
GAZFpwbS6Pp3LGdnfPimEh1ap9HELYiwxbKP6gvB58in,regenearth.sol,1088.201935695,70
GAZFpwbS6Pp3LGdnfPimEh1ap9HELYiwxbKP6gvB58in,regenera.sol,1088.201935695,70
GAZFpwbS6Pp3LGdnfPimEh1ap9HELYiwxbKP6gvB58in,integral.sol,1088.201935695,70
GAZFpwbS6Pp3LGdnfPimEh1ap9HELYiwxbKP6gvB58in,riva.sol,1088.201935695,70
GAZFpwbS6Pp3LGdnfPimEh1ap9HELYiwxbKP6gvB58in,naturevc.sol,1088.201935695,70
GAZFpwbS6Pp3LGdnfPimEh1ap9HELYiwxbKP6gvB58in,bluecarbon.sol,1088.201935695,70
GAZFpwbS6Pp3LGdnfPimEh1ap9HELYiwxbKP6gvB58in,riskmetrics.sol,1088.201935695,70
GAZFpwbS6Pp3LGdnfPimEh1ap9HELYiwxbKP6gvB58in,seaturtle.sol,1088.201935695,70
GAZFpwbS6Pp3LGdnfPimEh1ap9HELYiwxbKP6gvB58in,endpandemics.sol,1088.201935695,70
GAZFpwbS6Pp3LGdnfPimEh1ap9HELYiwxbKP6gvB58in,alaya.sol,1088.201935695,70
GAZFpwbS6Pp3LGdnfPimEh1ap9HELYiwxbKP6gvB58in,rebalancedao.sol,1088.201935695,70
GAZFpwbS6Pp3LGdnfPimEh1ap9HELYiwxbKP6gvB58in,riskalpha.sol,1088.201935695,70
GAZFpwbS6Pp3LGdnfPimEh1ap9HELYiwxbKP6gvB58in,naturall.sol,1088.201935695,70
GAZFpwbS6Pp3LGdnfPimEh1ap9HELYiwxbKP6gvB58in,natcap.sol,1088.201935695,70
GAZFpwbS6Pp3LGdnfPimEh1ap9HELYiwxbKP6gvB58in,eathpulse.sol,1088.201935695,70
GAZFpwbS6Pp3LGdnfPimEh1ap9HELYiwxbKP6gvB58in,bluestar.sol,1088.201935695,70
GAZFpwbS6Pp3LGdnfPimEh1ap9HELYiwxbKP6gvB58in,naturedao.sol,1088.201935695,70
GAZFpwbS6Pp3LGdnfPimEh1ap9HELYiwxbKP6gvB58in,earthpositive.sol,1088.201935695,70
GAZFpwbS6Pp3LGdnfPimEh1ap9HELYiwxbKP6gvB58in,reall.sol,1088.201935695,70
9t4aS1im2saNdkLmWsnrXmXfZzcizcDygMwKu6RyjCdr,papaafrica.sol,1085.605239938,71
HvCjdMpAmNN5i4Ao7jo7ynYnktKsnxLz9oeKgLi9au99,deprive.sol,1085.406008934,72
9HV5mTUyyEqzTWYQZBPRTr1KVTQ19q163dB7HfwJJo2A,lipton.sol,1073.951842002,73
G2HGGXSDDC6dfE8fEzfozVncpHPng8N31GdejpbZC1X9,meir.sol,1064.654491704,74
G2HGGXSDDC6dfE8fEzfozVncpHPng8N31GdejpbZC1X9,ü§≥üèæ.sol,1064.654491704,74
G2HGGXSDDC6dfE8fEzfozVncpHPng8N31GdejpbZC1X9,üëâ.sol,1064.654491704,74
G2HGGXSDDC6dfE8fEzfozVncpHPng8N31GdejpbZC1X9,angeldao.sol,1064.654491704,74
G2HGGXSDDC6dfE8fEzfozVncpHPng8N31GdejpbZC1X9,üîâ.sol,1064.654491704,74
G2HGGXSDDC6dfE8fEzfozVncpHPng8N31GdejpbZC1X9,üî•_üî•.sol,1064.654491704,74
G2HGGXSDDC6dfE8fEzfozVncpHPng8N31GdejpbZC1X9,üîà.sol,1064.654491704,74
G2HGGXSDDC6dfE8fEzfozVncpHPng8N31GdejpbZC1X9,streamfllow.sol,1064.654491704,74
G2HGGXSDDC6dfE8fEzfozVncpHPng8N31GdejpbZC1X9,üôåüèæ.sol,1064.654491704,74
G2HGGXSDDC6dfE8fEzfozVncpHPng8N31GdejpbZC1X9,üïäÔ∏è.sol,1064.654491704,74
G2HGGXSDDC6dfE8fEzfozVncpHPng8N31GdejpbZC1X9,‚ùÜ.sol,1064.654491704,74
G2HGGXSDDC6dfE8fEzfozVncpHPng8N31GdejpbZC1X9,üëºüèΩ.sol,1064.654491704,74
G2HGGXSDDC6dfE8fEzfozVncpHPng8N31GdejpbZC1X9,üôåüèº.sol,1064.654491704,74
G2HGGXSDDC6dfE8fEzfozVncpHPng8N31GdejpbZC1X9,üá±üáæ.sol,1064.654491704,74
G2HGGXSDDC6dfE8fEzfozVncpHPng8N31GdejpbZC1X9,üôåüèø.sol,1064.654491704,74
G2HGGXSDDC6dfE8fEzfozVncpHPng8N31GdejpbZC1X9,‚õÖ.sol,1064.654491704,74
G2HGGXSDDC6dfE8fEzfozVncpHPng8N31GdejpbZC1X9,üßëüèª.sol,1064.654491704,74
G2HGGXSDDC6dfE8fEzfozVncpHPng8N31GdejpbZC1X9,üîÉ.sol,1064.654491704,74
G2HGGXSDDC6dfE8fEzfozVncpHPng8N31GdejpbZC1X9,elumia.sol,1064.654491704,74
G2HGGXSDDC6dfE8fEzfozVncpHPng8N31GdejpbZC1X9,üßôüèæ.sol,1064.654491704,74
G2HGGXSDDC6dfE8fEzfozVncpHPng8N31GdejpbZC1X9,üïñ.sol,1064.654491704,74
G2HGGXSDDC6dfE8fEzfozVncpHPng8N31GdejpbZC1X9,‚ú≥.sol,1064.654491704,74
G2HGGXSDDC6dfE8fEzfozVncpHPng8N31GdejpbZC1X9,üö∏.sol,1064.654491704,74
G2HGGXSDDC6dfE8fEzfozVncpHPng8N31GdejpbZC1X9,üóÑ.sol,1064.654491704,74
G2HGGXSDDC6dfE8fEzfozVncpHPng8N31GdejpbZC1X9,üìä.sol,1064.654491704,74
FVd7EHQK4E6EoRREdtPuScmnmvnJMLxiXqDi65PPMSRe,degenpixel.sol,1055.476663445,75
5JckHoWpnofktkwaZjmKtx7zZ3SVSo9Tz9ZSKwPzqkQK,makemural.sol,1044.22305165,76
5JckHoWpnofktkwaZjmKtx7zZ3SVSo9Tz9ZSKwPzqkQK,kisses.sol,1044.22305165,76
5JckHoWpnofktkwaZjmKtx7zZ3SVSo9Tz9ZSKwPzqkQK,junto.sol,1044.22305165,76
5JckHoWpnofktkwaZjmKtx7zZ3SVSo9Tz9ZSKwPzqkQK,metaversejobs.sol,1044.22305165,76
5JckHoWpnofktkwaZjmKtx7zZ3SVSo9Tz9ZSKwPzqkQK,evaluna.sol,1044.22305165,76
5JckHoWpnofktkwaZjmKtx7zZ3SVSo9Tz9ZSKwPzqkQK,sinclair.sol,1044.22305165,76
5JckHoWpnofktkwaZjmKtx7zZ3SVSo9Tz9ZSKwPzqkQK,authenticity.sol,1044.22305165,76
5JckHoWpnofktkwaZjmKtx7zZ3SVSo9Tz9ZSKwPzqkQK,ourverse.sol,1044.22305165,76
5JckHoWpnofktkwaZjmKtx7zZ3SVSo9Tz9ZSKwPzqkQK,ledgerlive.sol,1044.22305165,76
5JckHoWpnofktkwaZjmKtx7zZ3SVSo9Tz9ZSKwPzqkQK,noun.sol,1044.22305165,76
5JckHoWpnofktkwaZjmKtx7zZ3SVSo9Tz9ZSKwPzqkQK,humaninteraction.sol,1044.22305165,76
5JckHoWpnofktkwaZjmKtx7zZ3SVSo9Tz9ZSKwPzqkQK,colourpop.sol,1044.22305165,76
5JckHoWpnofktkwaZjmKtx7zZ3SVSo9Tz9ZSKwPzqkQK,sinclairtoffa.sol,1044.22305165,76
5JckHoWpnofktkwaZjmKtx7zZ3SVSo9Tz9ZSKwPzqkQK,humanexperience.sol,1044.22305165,76
5JckHoWpnofktkwaZjmKtx7zZ3SVSo9Tz9ZSKwPzqkQK,intention.sol,1044.22305165,76
5JckHoWpnofktkwaZjmKtx7zZ3SVSo9Tz9ZSKwPzqkQK,marcanthony.sol,1044.22305165,76
5JckHoWpnofktkwaZjmKtx7zZ3SVSo9Tz9ZSKwPzqkQK,aveda.sol,1044.22305165,76
5JckHoWpnofktkwaZjmKtx7zZ3SVSo9Tz9ZSKwPzqkQK,nickyjam.sol,1044.22305165,76
5JckHoWpnofktkwaZjmKtx7zZ3SVSo9Tz9ZSKwPzqkQK,edition.sol,1044.22305165,76
5JckHoWpnofktkwaZjmKtx7zZ3SVSo9Tz9ZSKwPzqkQK,tagged.sol,1044.22305165,76
5JckHoWpnofktkwaZjmKtx7zZ3SVSo9Tz9ZSKwPzqkQK,crear.sol,1044.22305165,76
5JckHoWpnofktkwaZjmKtx7zZ3SVSo9Tz9ZSKwPzqkQK,toffa.sol,1044.22305165,76
5JckHoWpnofktkwaZjmKtx7zZ3SVSo9Tz9ZSKwPzqkQK,passionfruitdao.sol,1044.22305165,76
5JckHoWpnofktkwaZjmKtx7zZ3SVSo9Tz9ZSKwPzqkQK,researcher.sol,1044.22305165,76
5JckHoWpnofktkwaZjmKtx7zZ3SVSo9Tz9ZSKwPzqkQK,bailemos.sol,1044.22305165,76
5JckHoWpnofktkwaZjmKtx7zZ3SVSo9Tz9ZSKwPzqkQK,beaute.sol,1044.22305165,76
HGEj9nJHdAWJKMHGGHRnhvb3i1XakELSRTn5B4otmAhU,mx.sol,1033.11861598,77
HGEj9nJHdAWJKMHGGHRnhvb3i1XakELSRTn5B4otmAhU,kb.sol,1033.11861598,77
HGEj9nJHdAWJKMHGGHRnhvb3i1XakELSRTn5B4otmAhU,kn.sol,1033.11861598,77
HGEj9nJHdAWJKMHGGHRnhvb3i1XakELSRTn5B4otmAhU,jv.sol,1033.11861598,77
HGEj9nJHdAWJKMHGGHRnhvb3i1XakELSRTn5B4otmAhU,hge.sol,1033.11861598,77
BbRLXFKx12snUBdaLWePs2pG8MRBZD9F9W3oseJmKrhT,elan.sol,1021.783202708,78
3pJYfZDNyqfY2zS1PucJYUfcXDFwExyyD1qRX2cbp36H,rwd.sol,1016.571597158,79
GeoYbWrv51wCcd58JcAxyvY8SGL3Hc7jHWad5E48omNM,hashnest.sol,1004.220120148,80
GeoYbWrv51wCcd58JcAxyvY8SGL3Hc7jHWad5E48omNM,revers.sol,1004.220120148,80
GeoYbWrv51wCcd58JcAxyvY8SGL3Hc7jHWad5E48omNM,attender.sol,1004.220120148,80
GeoYbWrv51wCcd58JcAxyvY8SGL3Hc7jHWad5E48omNM,opened.sol,1004.220120148,80
GeoYbWrv51wCcd58JcAxyvY8SGL3Hc7jHWad5E48omNM,solinfo.sol,1004.220120148,80
GeoYbWrv51wCcd58JcAxyvY8SGL3Hc7jHWad5E48omNM,putinhuilo.sol,1004.220120148,80
GeoYbWrv51wCcd58JcAxyvY8SGL3Hc7jHWad5E48omNM,cataverse.sol,1004.220120148,80
GeoYbWrv51wCcd58JcAxyvY8SGL3Hc7jHWad5E48omNM,dialog.sol,1004.220120148,80
3yxq4WqKyZoXDXmkHLK7EjKwPYUpoEoHSdHVQCJsfi7G,pogs.sol,1001.407699094,81
PWktbn4Ft22kjijeJTLoQ9ftpXfvuAxotnCB7GpEYoi,jamba.sol,1000.862632028,82
PWktbn4Ft22kjijeJTLoQ9ftpXfvuAxotnCB7GpEYoi,nationalgallery.sol,1000.862632028,82
PWktbn4Ft22kjijeJTLoQ9ftpXfvuAxotnCB7GpEYoi,frieze.sol,1000.862632028,82
PWktbn4Ft22kjijeJTLoQ9ftpXfvuAxotnCB7GpEYoi,sothebysrealty.sol,1000.862632028,82
PWktbn4Ft22kjijeJTLoQ9ftpXfvuAxotnCB7GpEYoi,valet.sol,1000.862632028,82
PWktbn4Ft22kjijeJTLoQ9ftpXfvuAxotnCB7GpEYoi,clickup.sol,1000.862632028,82
PWktbn4Ft22kjijeJTLoQ9ftpXfvuAxotnCB7GpEYoi,maccosmetics.sol,1000.862632028,82
PWktbn4Ft22kjijeJTLoQ9ftpXfvuAxotnCB7GpEYoi,naturalhistory.sol,1000.862632028,82
PWktbn4Ft22kjijeJTLoQ9ftpXfvuAxotnCB7GpEYoi,saatchigallery.sol,1000.862632028,82
PWktbn4Ft22kjijeJTLoQ9ftpXfvuAxotnCB7GpEYoi,in-n-out.sol,1000.862632028,82
6BCvQ8xJUgEovR1uCojysUxPM9jDKQHmt2SffLZsUkjb,enguerrand.sol,1000.272079865,83
AnYDxhu3nU2qsUJrdXDJtnYNPzTAgFScZ8tYXQ1XnGxe,dopes0l.sol,1000.075769509,84
E64EpGfzNDK1u4zAmvW2MTNZFhTZZ2CZETCZ8vUg2qsT,kevinchou.sol,998.200803628,85
C8mgrCncLMtpfh4QzkJsPfrWd384yQeSYpdujw4LF53T,7422.sol,983.183580152,86
C8mgrCncLMtpfh4QzkJsPfrWd384yQeSYpdujw4LF53T,9767.sol,983.183580152,86
C8mgrCncLMtpfh4QzkJsPfrWd384yQeSYpdujw4LF53T,robertribbit.sol,983.183580152,86
C8mgrCncLMtpfh4QzkJsPfrWd384yQeSYpdujw4LF53T,t-roy.sol,983.183580152,86
FA5Cf37uACYP6b3jdDCf6f1Ccgz44L8rQMd3EqKU4MeK,theauctionhouse.sol,968.061936332,87
FA5Cf37uACYP6b3jdDCf6f1Ccgz44L8rQMd3EqKU4MeK,clemsonuniversity.sol,968.061936332,87
FA5Cf37uACYP6b3jdDCf6f1Ccgz44L8rQMd3EqKU4MeK,clemsontigers.sol,968.061936332,87
9tePeVzEwcAbCBZ6unfkRaHvAppScoRGVRUqKqFre1s1,anatomic.sol,942.441065573,88
9tePeVzEwcAbCBZ6unfkRaHvAppScoRGVRUqKqFre1s1,matoshie.sol,942.441065573,88
9tePeVzEwcAbCBZ6unfkRaHvAppScoRGVRUqKqFre1s1,dgenspartan.sol,942.441065573,88
9tePeVzEwcAbCBZ6unfkRaHvAppScoRGVRUqKqFre1s1,cryptoguy.sol,942.441065573,88
9tePeVzEwcAbCBZ6unfkRaHvAppScoRGVRUqKqFre1s1,bravebrowser.sol,942.441065573,88
9tePeVzEwcAbCBZ6unfkRaHvAppScoRGVRUqKqFre1s1,wackohunter.sol,942.441065573,88
9tePeVzEwcAbCBZ6unfkRaHvAppScoRGVRUqKqFre1s1,ecatgirl.sol,942.441065573,88
9tePeVzEwcAbCBZ6unfkRaHvAppScoRGVRUqKqFre1s1,brave.sol,942.441065573,88
9tePeVzEwcAbCBZ6unfkRaHvAppScoRGVRUqKqFre1s1,bankofcanada.sol,942.441065573,88
9tePeVzEwcAbCBZ6unfkRaHvAppScoRGVRUqKqFre1s1,masterchief.sol,942.441065573,88
9tePeVzEwcAbCBZ6unfkRaHvAppScoRGVRUqKqFre1s1,ecoin.sol,942.441065573,88
ECeFw4hgThGewwAYyRtLDenG3jgDcTJPz1JhNshBnGCx,moshe.sol,939.688765078,89
2VQA3FT8tWRPgiwVPh2oKm1JTA44ocGspKn8yRZRvXiS,leant.sol,935.157934208,90
7GFmvGsg1HamLmg1xAYJtfrapgGR494D2DKyWLAREb4p,needsome.sol,917.302386131,91
7GFmvGsg1HamLmg1xAYJtfrapgGR494D2DKyWLAREb4p,idlike.sol,917.302386131,91
4xdi3VDrPKjyp4jsiFNmPyeeTrSz9Bx9nY9YduLzUrFa,hi.sol,904.283068753,92
CBBXBBszfB1FqfKNhRijW3Kwp4VQn9piCVtC42AG1DLi,tomnguyen.sol,903.299154282,93
CBBXBBszfB1FqfKNhRijW3Kwp4VQn9piCVtC42AG1DLi,gene.sol,903.299154282,93
CBBXBBszfB1FqfKNhRijW3Kwp4VQn9piCVtC42AG1DLi,magicleap.sol,903.299154282,93
CBBXBBszfB1FqfKNhRijW3Kwp4VQn9piCVtC42AG1DLi,hue.sol,903.299154282,93
CBBXBBszfB1FqfKNhRijW3Kwp4VQn9piCVtC42AG1DLi,tera.sol,903.299154282,93
CBBXBBszfB1FqfKNhRijW3Kwp4VQn9piCVtC42AG1DLi,nifties.sol,903.299154282,93
CBBXBBszfB1FqfKNhRijW3Kwp4VQn9piCVtC42AG1DLi,train.sol,903.299154282,93
CBBXBBszfB1FqfKNhRijW3Kwp4VQn9piCVtC42AG1DLi,telo.sol,903.299154282,93
CBBXBBszfB1FqfKNhRijW3Kwp4VQn9piCVtC42AG1DLi,monarch.sol,903.299154282,93
CBBXBBszfB1FqfKNhRijW3Kwp4VQn9piCVtC42AG1DLi,jedi.sol,903.299154282,93
CBBXBBszfB1FqfKNhRijW3Kwp4VQn9piCVtC42AG1DLi,starstat.sol,903.299154282,93
CBBXBBszfB1FqfKNhRijW3Kwp4VQn9piCVtC42AG1DLi,wevr.sol,903.299154282,93
CBBXBBszfB1FqfKNhRijW3Kwp4VQn9piCVtC42AG1DLi,ces.sol,903.299154282,93
CBBXBBszfB1FqfKNhRijW3Kwp4VQn9piCVtC42AG1DLi,emrify.sol,903.299154282,93
CBBXBBszfB1FqfKNhRijW3Kwp4VQn9piCVtC42AG1DLi,healthpass.sol,903.299154282,93
CBBXBBszfB1FqfKNhRijW3Kwp4VQn9piCVtC42AG1DLi,sparky.sol,903.299154282,93
CBBXBBszfB1FqfKNhRijW3Kwp4VQn9piCVtC42AG1DLi,rdstr.sol,903.299154282,93
CBBXBBszfB1FqfKNhRijW3Kwp4VQn9piCVtC42AG1DLi,healthid.sol,903.299154282,93
CBBXBBszfB1FqfKNhRijW3Kwp4VQn9piCVtC42AG1DLi,miner.sol,903.299154282,93
CBBXBBszfB1FqfKNhRijW3Kwp4VQn9piCVtC42AG1DLi,xros.sol,903.299154282,93
CBBXBBszfB1FqfKNhRijW3Kwp4VQn9piCVtC42AG1DLi,drug.sol,903.299154282,93
CBBXBBszfB1FqfKNhRijW3Kwp4VQn9piCVtC42AG1DLi,superbull.sol,903.299154282,93
CBBXBBszfB1FqfKNhRijW3Kwp4VQn9piCVtC42AG1DLi,matterport.sol,903.299154282,93
CBBXBBszfB1FqfKNhRijW3Kwp4VQn9piCVtC42AG1DLi,tet.sol,903.299154282,93
CBBXBBszfB1FqfKNhRijW3Kwp4VQn9piCVtC42AG1DLi,heal.sol,903.299154282,93
CBBXBBszfB1FqfKNhRijW3Kwp4VQn9piCVtC42AG1DLi,htc.sol,903.299154282,93
CBBXBBszfB1FqfKNhRijW3Kwp4VQn9piCVtC42AG1DLi,helio.sol,903.299154282,93
CBBXBBszfB1FqfKNhRijW3Kwp4VQn9piCVtC42AG1DLi,telosa.sol,903.299154282,93
CBBXBBszfB1FqfKNhRijW3Kwp4VQn9piCVtC42AG1DLi,dong.sol,903.299154282,93
CBBXBBszfB1FqfKNhRijW3Kwp4VQn9piCVtC42AG1DLi,pill.sol,903.299154282,93
S9BkgSBosJoq2h7eg2cgdHuKVDcfjBGrDfnSaeFAU97,waitroom.sol,902.700387707,94
S9BkgSBosJoq2h7eg2cgdHuKVDcfjBGrDfnSaeFAU97,vinny.sol,902.700387707,94
4B4oTWhnLfE6czzAZz34zdHnQdY6sTrq2BZM5nNnRfV3,sulayman.sol,900.627667745,95
4B4oTWhnLfE6czzAZz34zdHnQdY6sTrq2BZM5nNnRfV3,kurobi.sol,900.627667745,95
33MAFVKtNXewDB6jENFttFTEcPEh9WAjagu2RUMpZwpY,diogomonica.sol,895.28033394,96
33MAFVKtNXewDB6jENFttFTEcPEh9WAjagu2RUMpZwpY,anchoragedigital.sol,895.28033394,96
CrxnbKmdpanBRqFXPRNp4EpS2k5QcUw19itVgXdQrWtE,glacier.sol,881.818347344,97
CrxnbKmdpanBRqFXPRNp4EpS2k5QcUw19itVgXdQrWtE,cuyuna.sol,881.818347344,97
CrxnbKmdpanBRqFXPRNp4EpS2k5QcUw19itVgXdQrWtE,villanova.sol,881.818347344,97
CrxnbKmdpanBRqFXPRNp4EpS2k5QcUw19itVgXdQrWtE,joshuatree.sol,881.818347344,97
DeRunEHNfnXnKXUCpipEMST366DwoDQ1PmtGKcEJb9FR,destables.sol,873.890543093,98
F8JriLuGCpmCnGw9m9irU5Q9z7PLouiwpHcdPYbBzbua,cogentcrypto.sol,872.467558445,99
F8JriLuGCpmCnGw9m9irU5Q9z7PLouiwpHcdPYbBzbua,benhawkins.sol,872.467558445,99
3iC8Khui5VDDFKA3NE4RdVHVt62m7x1d1ThuRwVhtzit,openfren.sol,835.17542268,100
